X_UTM,Y_UTM,X_NZTM,Y_NZTM,DISTANCE,GPS_ELEV,SP_mVolts,CO2_gm-2d-1,Remarks,X_NZTM_new,Y_NZTM_new,LiDAR_z
306373,5927226,1763316.541,5927859.769,0,8,0,0,,1763316.541,5927859.769,1.26
306387,5927214,1763330.025,5927847.196,20,13,-7.215339233,13.27368486,,1763330.025,5927847.196,3.34
306402,5927202,1763344.509,5927834.581,40,14,-11.43067847,4.693883832,,1763344.509,5927834.581,5.15
306418,5927190,1763359.991,5927821.924,60,12,-16.6460177,2.175817407,,1763359.991,5927821.924,6.15
306427,5927170,1763368.146,5927801.568,80,14,-24.86135693,0,,1763368.146,5927801.568,6.58
306438,5927157,1763378.592,5927788.122,100,14,-32.07669617,0,,1763378.592,5927788.122,7
306457,5927160,1763397.698,5927790.324,120,15,-44.2920354,0,,1763397.698,5927790.324,8.76
306473,5927171,1763414.141,5927800.645,140,20,-70.50737463,0,,1763414.141,5927800.645,10.8
306492,5927174,1763433.248,5927802.848,160,18,-58.72271386,0,,1763433.248,5927802.848,12.02
306512,5927176,1763453.311,5927804.01,180,18,-75.9380531,0,,1763453.311,5927804.01,12.94
306532,5927175,1763473.249,5927802.175,200,19,-74.15339233,0,,1763473.249,5927802.175,14.01
306553,5927177,1763494.312,5927803.295,220,21,-48.36873156,0,,1763494.312,5927803.295,14.39
306572,5927180,1763513.418,5927805.498,240,24,-45.5840708,0,,1763513.418,5927805.498,14.92
306591,5927185,1763532.608,5927809.699,260,23,-59.79941003,0,,1763532.608,5927809.699,15.77
306611,5927191,1763552.839,5927814.857,280,24,-89.01474926,0,,1763552.839,5927814.857,17.39
306630,5927196,1763572.028,5927819.058,300,26,-83.2300885,3.681828213,,1763572.028,5927819.058,18.34
306648,5927201,1763590.219,5927823.3,320,24,-79.44542773,0,,1763590.219,5927823.3,19.69
306669,5927206,1763611.407,5927827.418,340,27,-86.66076696,0,,1763611.407,5927827.418,21.03
306689,5927212,1763631.638,5927832.576,360,28,-109.8761062,0,,1763631.638,5927832.576,22.91
306708,5927211,1763650.577,5927830.783,380,31,-105.0914454,0,,1763650.577,5927830.783,24.38
306729,5927210,1763671.514,5927828.906,400,32,-113.3067847,0,,1763671.514,5927828.906,26.34
306747,5927205,1763689.287,5927823.159,420,35,-127.5221239,0,,1763689.287,5927823.159,27.68
306768,5927202,1763710.141,5927819.284,440,35,-117.7374631,0,,1763710.141,5927819.284,28.8
306786,5927197,1763727.914,5927813.537,460,37,-126.9528024,0,,1763727.914,5927813.537,29.89
306806,5927193,1763747.726,5927808.705,480,37,-145.1681416,0,,1763747.726,5927808.705,31.57
306824,5927187,1763765.457,5927801.958,500,38,-151.3834808,0,,1763765.457,5927801.958,32.53
306845,5927184,1763786.311,5927798.084,520,40,-144.5988201,0,,1763786.311,5927798.084,33.58
306864,5927180,1763805.125,5927793.294,540,40,-178.8141593,0,,1763805.125,5927793.294,34.38
306884,5927175,1763824.896,5927787.463,560,40,-195.0294985,0,,1763824.896,5927787.463,35.21
306903,5927168,1763843.584,5927779.676,580,40,-194.2448378,0,,1763843.584,5927779.676,35.84
306920,5927160,1763860.233,5927770.973,600,42,-199.460177,0,,1763860.233,5927770.973,36.13
306939,5927151,1763878.838,5927761.188,620,42,-201.6755162,0,,1763878.838,5927761.188,36.55
306956,5927142,1763895.444,5927751.487,640,43,-200.8908555,0,,1763895.444,5927751.487,36.9
306975,5927134,1763914.091,5927742.7,660,44,-186.1061947,0,,1763914.091,5927742.7,37.55
306992,5927126,1763930.74,5927733.998,680,44,-167.3215339,0,,1763930.74,5927733.998,38.1
307011,5927122,1763949.553,5927729.208,700,46,-210.5368732,0,,1763949.553,5927729.208,39.26
307031,5927118,1763969.366,5927724.376,720,46,-217.7522124,0,,1763969.366,5927724.376,39.42
307034,5927116,1763972.28,5927722.253,740,47,-215.9675516,0,,1763988.782,5927719.63,39.79
307071,5927110,1764008.992,5927714.712,760,46,-211.1828909,0,,1764008.992,5927714.712,40.55
307090,5927104,1764027.722,5927707.924,780,47,-218.3982301,0,,1764027.722,5927707.924,40.91
307108,5927100,1764045.537,5927703.176,800,49,-204.6135693,0,,1764045.537,5927703.176,41.31
307127,5927094,1764064.267,5927696.387,820,50,-183.8289086,0,,1764064.267,5927696.387,41.54
307146,5927088,1764082.997,5927689.599,840,50,-187.0442478,0,,1764082.997,5927689.599,41.98
307166,5927084,1764102.81,5927684.767,860,51,-148.259587,0,,1764102.81,5927684.767,42.68
307186,5927084,1764122.79,5927683.932,880,53,-160.4749263,0,,1764122.79,5927683.932,44.53
307205,5927089,1764141.98,5927688.132,900,56,-175.6902655,0,,1764141.98,5927688.132,46.27
307224,5927094,1764161.17,5927692.333,920,55,-166.9056047,0,,1764161.17,5927692.333,47.49
307244,5927098,1764181.317,5927695.493,940,58,-177.120944,0,,1764181.317,5927695.493,48.31
307264,5927098,1764201.297,5927694.657,960,57,-176.3362832,0,,1764201.297,5927694.657,48.94
307284,5927100,1764221.361,5927695.819,980,57,-172.5516224,0,,1764221.361,5927695.819,49.56
307303,5927107,1764240.634,5927702.018,1000,60,-172.7669617,0,,1764240.634,5927702.018,50.85
307322,5927114,1764259.908,5927708.217,1020,65,-167.9823009,0,,1764259.908,5927708.217,51.17
307343,5927108,1764280.636,5927701.345,1040,61,-184.1976401,0,,1764280.636,5927701.345,52.98
307362,5927103,1764299.408,5927695.556,1060,63,-200.4129794,0,,1764299.408,5927695.556,53.74
307382,5927099,1764319.221,5927690.724,1080,62,-203.6283186,0,,1764319.221,5927690.724,54.44
307402,5927094,1764338.992,5927684.893,1100,65,-197.8436578,0,,1764338.992,5927684.893,55.55
307423,5927095,1764360.013,5927685.015,1120,66,-217.0589971,0,,1764360.013,5927685.015,57.5
307443,5927096,1764380.035,5927685.178,1140,68,-225.2743363,0,,1764380.035,5927685.178,58.56
307463,5927097,1764400.057,5927685.341,1160,71,-215.4896755,0,,1764400.057,5927685.341,59.34
307483,5927097,1764420.037,5927684.505,1180,70,-210.7050147,0,,1764420.037,5927684.505,61.04
307501,5927098,1764438.06,5927684.752,1200,70,-221.920354,0,,1764438.06,5927684.752,62.1
307521,5927103,1764458.249,5927688.911,1220,70,-240.1356932,0,,1764458.249,5927688.911,62.41
307539,5927114,1764476.691,5927699.147,1240,71,-206.3510324,3.033727505,,1764476.691,5927699.147,62.25
307557,5927122,1764495.008,5927706.387,1260,70,-197.5663717,6.790390507,,1764495.008,5927706.387,62.59
307578,5927124,1764516.07,5927707.507,1280,74,-222.7817109,0,,1764516.07,5927707.507,63.71
307596,5927115,1764533.676,5927697.764,1300,74,-238.9970501,0,,1764533.676,5927697.764,64.03
307615,5927107,1764552.323,5927688.978,1320,74,-252.2123894,0,,1764552.323,5927688.978,65.16
307632,5927099,1764568.972,5927680.275,1340,73,-236.4277286,0,,1764568.972,5927680.275,66.18
307651,5927091,1764587.618,5927671.489,1360,73,-250.6430678,0,,1764587.618,5927671.489,67.74
307669,5927085,1764605.35,5927664.743,1380,76,-264.8584071,0,,1764605.35,5927664.743,69.76
307688,5927077,1764623.996,5927655.957,1400,75,-255.0737463,1.671680353,,1764623.996,5927655.957,71.54
307703,5927063,1764638.396,5927641.344,1420,79,-255.2890855,0,,1764638.396,5927641.344,72.71
307718,5927049,1764652.796,5927626.731,1440,80,-246.5044248,0,,1764652.796,5927626.731,74.07
307731,5927035,1764665.198,5927612.201,1460,81,-275.719764,0,,1764665.198,5927612.201,75.39
307744,5927020,1764677.558,5927596.673,1480,82,-266.9351032,0,,1764677.558,5927596.673,76.01
307758,5927007,1764691.001,5927583.101,1500,82,-272.1504425,0,Reprocessed the flux and it is 0,1764691.001,5927583.101,76.77
307775,5926996,1764707.524,5927571.401,1520,84,-272.3657817,0,,1764707.524,5927571.401,77.97
307790,5926984,1764722.008,5927558.786,1540,83,-255.5811209,0,,1764722.008,5927558.786,78.49
307806,5926972,1764737.49,5927546.129,1560,85,-250.7964602,0,,1764737.49,5927546.129,79.56
307822,5926962,1764753.056,5927535.47,1580,87,-266.0117994,0,,1764753.056,5927535.47,80.9
307840,5926952,1764770.62,5927524.728,1600,88,-281.2271386,0,,1764770.62,5927524.728,82.64
307857,5926942,1764787.186,5927514.027,1620,90,-279.4424779,0,,1764787.186,5927514.027,84
307876,5926933,1764805.79,5927504.242,1640,90,-290.6578171,0,,1764805.79,5927504.242,85.41
307894,5926926,1764823.48,5927496.497,1660,94,-290.8731563,0,,1764823.48,5927496.497,86.43
307914,5926918,1764843.126,5927487.669,1680,96,-286.0884956,0,,1764843.126,5927487.669,89.23
307932,5926912,1764860.857,5927480.922,1700,98,-277.3038348,0,Reprocessed the flux and it is 0,1764860.857,5927480.922,90.95
307954,5926909,1764882.71,5927477.006,1720,99,-280.519174,0,,1764882.71,5927477.006,93.2
307973,5926906,1764901.566,5927473.214,1740,102,-267.7345133,0,,1764901.566,5927473.214,95.02
307992,5926902,1764920.379,5927468.424,1760,103,-282.9498525,0,,1764920.379,5927468.424,97.06
308011,5926900,1764939.277,5927465.632,1780,107,-278.1651917,0,,1764939.277,5927465.632,98.36
308031,5926898,1764959.174,5927462.798,1800,106,-288.380531,0,,1764959.174,5927462.798,99.78
308051,5926895,1764979.028,5927458.965,1820,109,-314.5958702,0,,1764979.028,5927458.965,101.29
308071,5926892,1764998.883,5927455.132,1840,110,-283.8112094,0,,1764998.883,5927455.132,102.96
308090,5926887,1765017.655,5927449.343,1860,111,-312.0265487,6.748089195,,1765017.655,5927449.343,104.56
308111,5926882,1765038.425,5927443.47,1880,115,-292.2418879,3.87937881,,1765038.425,5927443.47,106.48
308128,5926875,1765055.116,5927435.766,1900,113,-299.4572271,0,,1765055.116,5927435.766,108.04
308146,5926865,1765072.68,5927425.024,1920,117,-316.6725664,0,,1765072.68,5927425.024,110.24
308162,5926852,1765088.121,5927411.368,1940,115,-321.8879056,0,,1765088.121,5927411.368,112.47
308179,5926848,1765104.937,5927406.661,1960,119,-321.1032448,17.6494939,,1765104.937,5927406.661,114.35
308201,5926850,1765126.999,5927407.74,1980,126,-310.3185841,0,,1765126.999,5927407.74,115.85
308222,5926853,1765148.103,5927409.859,2000,126,-321.5339233,0,,1765148.103,5927409.859,117.16
308241,5926856,1765167.21,5927412.062,2020,126,-313.7492625,0,,1765167.21,5927412.062,118.49
308259,5926860,1765185.359,5927415.306,2040,127,-320.9646018,0,,1765185.359,5927415.306,119.71
308279,5926865,1765205.548,5927419.465,2060,128,-325.179941,0,Reprocessed the flux and it is 0,1765205.548,5927419.465,121.19
308297,5926867,1765223.614,5927420.71,2080,129,-345.3952802,0,Reprocessed the flux and it is 0,1765223.614,5927420.71,123.52
308317,5926869,1765243.678,5927421.872,2100,133,-351.6106195,0,,1765243.678,5927421.872,125.34
308336,5926866,1765262.534,5927418.081,2120,139,-337.8259587,0,,1765262.534,5927418.081,127.9
308356,5926873,1765282.806,5927424.238,2140,140,-332.0412979,0,,1765282.806,5927424.238,130.06
308376,5926883,1765303.205,5927433.392,2160,140,-359.2566372,0,,1765303.205,5927433.392,131.95
308394,5926890,1765321.479,5927439.633,2180,140,-367.4719764,0,,1765321.479,5927439.633,133.74
308410,5926902,1765337.965,5927450.952,2200,142,-372.6873156,0,,1765337.965,5927450.952,135.46
308424,5926916,1765352.536,5927464.353,2220,144,-355.9026549,0,Reprocessed the flux and it is 0,1765352.536,5927464.353,136.67
308439,5926931,1765368.149,5927478.712,2240,143,-361.1179941,0,,1765368.149,5927478.712,137.96
308452,5926945,1765381.721,5927492.154,2260,145,-363.3333333,0,,1765381.721,5927492.154,139.35
308466,5926958,1765396.25,5927504.556,2280,147,-365.5486726,0,,1765396.25,5927504.556,140.13
308483,5926971,1765413.777,5927516.833,2300,148,-375.7640118,0,,1765413.777,5927516.833,141.3
308498,5926981,1765429.18,5927526.196,2320,150,-367.979351,0,,1765429.18,5927526.196,142.27
308515,5926992,1765446.623,5927536.475,2340,150,-380.1946903,0,,1765446.623,5927536.475,143.18
308535,5926999,1765466.896,5927542.632,2360,150,-375.4100295,0,,1765466.896,5927542.632,144.94
308552,5926998,1765483.837,5927540.922,2380,154,-398.6253687,0,,1765483.837,5927540.922,146.69
308575,5926998,1765506.815,5927539.961,2400,156,-407.840708,0,,1765506.815,5927539.961,149.4
308594,5926997,1765525.754,5927538.168,2420,156,-403.0560472,0,,1765525.754,5927538.168,151.44
308614,5927003,1765545.985,5927543.326,2440,158,-425.2713864,0,,1765545.985,5927543.326,152.17
308632,5927010,1765564.26,5927549.566,2460,158,-436.4867257,0,,1765564.26,5927549.566,152.93
308652,5927014,1765584.407,5927552.727,2480,158,-428.7020649,0,,1765584.407,5927552.727,153.42
308672,5927013,1765604.346,5927550.892,2500,159,-415.9174041,7.085375279,,1765604.346,5927550.892,153.18
308694,5927007,1765626.073,5927543.978,2520,156,-361.1327434,0,,1765626.073,5927543.978,153.42
308711,5926998,1765642.68,5927534.276,2540,158,-316.3480826,0,,1765642.68,5927534.276,153.13
308726,5926987,1765657.206,5927522.66,2560,159,-284.5634218,0,,1765657.206,5927522.66,153.88
308739,5926973,1765669.608,5927508.131,2580,169,-258.7787611,0,Reprocessed the flux and it is 0,1765669.608,5927508.131,154.91
308746,5926953,1765675.765,5927487.858,2600,166,-276.9941003,0,Reprocessed the flux and it is 0,1765675.765,5927487.858,157.66
308751,5926934,1765679.966,5927468.667,2620,177,-265.2094395,5.244084602,,1765679.966,5927468.667,160.63
308754,5926907,1765681.834,5927441.569,2640,168,-244.4247788,4.838751958,,1765681.834,5927441.569,162.49
308762,5926896,1765689.367,5927430.245,2660,179,-221.640118,0,,1765689.367,5927430.245,163.71
308774,5926885,1765700.895,5927418.754,2680,193,-184.8554572,8.162795046,,1765700.895,5927418.754,165.17
308791,5926875,1765717.46,5927408.054,2700,191,-153.0707965,3.989508113,,1765717.46,5927408.054,167.26
308810,5926873,1765736.358,5927405.261,2720,181,-167.2861357,5.784703828,,1765736.358,5927405.261,171.42
308829,5926877,1765755.506,5927408.463,2740,184,-163.5014749,3.694529976,,1765755.506,5927408.463,173.82
308848,5926880,1765774.613,5927410.666,2760,187,-168.7168142,0,,1765774.613,5927410.666,176.29
308867,5926878,1765793.511,5927407.874,2780,188,-176.9321534,0,,1765793.511,5927407.874,178.14
308889,5926877,1765815.447,5927405.955,2800,187,-169.1474926,10.77955704,,1765815.447,5927405.955,180.43
308912,5926879,1765838.508,5927406.992,2820,195,-159.3628319,9.611173883,,1765838.508,5927406.992,183.3
308931,5926882,1765857.615,5927409.195,2840,197,-150.5781711,0,Track to summit,1765857.615,5927409.195,183.23
308951,5926879,1765877.47,5927405.362,2860,201,-165.7935103,5.697909931,,1765877.47,5927405.362,182.85
308970,5926883,1765896.618,5927408.564,2880,202,-166.0088496,8.96360743,,1765896.618,5927408.564,181.21
308996,5926881,1765922.509,5927405.479,2900,197,-157.2241888,14.34368242,,1765922.509,5927405.479,180.52
309013,5926882,1765939.534,5927405.767,2920,194,-155.439528,2.680942924,,1765939.534,5927405.767,179.63
309038,5926889,1765964.802,5927411.716,2940,194,-162.6548673,6.600670005,,1765964.802,5927411.716,178.21
309050,5926893,1765976.957,5927415.21,2960,187,-163.8702065,3.184023637,,1765976.957,5927415.21,177.47
309071,5926894,1765997.979,5927415.331,2980,184,-174.0855457,3.888895644,,1765997.979,5927415.331,176.24
309090,5926886,1766016.626,5927406.545,3000,183,-199.300885,7.715837884,,1766016.626,5927406.545,174.88
309106,5926873,1766032.066,5927392.889,3020,181,-217.5162242,6.75051084,,1766032.066,5927392.889,173.43
309124,5926866,1766049.756,5927385.143,3040,183,-245.7315634,1.912866508,,1766049.756,5927385.143,172.23
309140,5926856,1766065.322,5927374.484,3060,183,-244.9469027,3.173547402,,1766065.322,5927374.484,170.79
309155,5926841,1766079.681,5927358.872,3080,178,-249.1622419,3.20057232,,1766079.681,5927358.872,169.31
309169,5926826,1766093.04,5927343.302,3100,180,-245.3775811,12.19427825,,1766093.04,5927343.302,167.82
309179,5926809,1766102.319,5927325.9,3120,177,-234.5929204,5.680575083,,1766102.319,5927325.9,165.78
309190,5926792,1766112.598,5927308.457,3140,174,-216.8082596,8.448361828,,1766112.598,5927308.457,163.78
309200,5926775,1766121.878,5927291.056,3160,172,-208.0235988,6.092495803,,1766121.878,5927291.056,161.67
309214,5926759,1766135.195,5927274.487,3180,170,-213.2389381,7.034010282,,1766135.195,5927274.487,159.19
309230,5926751,1766150.845,5927265.826,3200,165,-246.4542773,4.918755867,,1766150.845,5927265.826,157.21
309252,5926751,1766172.823,5927264.906,3220,168,-265.6696165,2.466780296,,1766172.823,5927264.906,155.01
309270,5926759,1766191.14,5927272.146,3240,166,-277.8849558,3.302953286,,1766191.14,5927272.146,152.91
309277,5926777,1766198.886,5927289.836,3260,161,-277.100295,2.788103619,,1766198.886,5927289.836,150.72
309289,5926794,1766211.584,5927306.317,3280,161,-296.3156342,1.557974615,,1766211.584,5927306.317,148.33
309298,5926812,1766221.328,5927323.923,3300,156,-310.5309735,7.168476122,,1766221.328,5927323.923,145.73
309311,5926826,1766234.9,5927337.366,3320,155,-316.7463127,4.746100493,,1766234.9,5927337.366,142.31
309326,5926840,1766250.471,5927350.725,3340,150,-318.9616519,24.30594402,,1766250.471,5927350.725,141.54
309343,5926850,1766267.872,5927360.005,3360,146,-330.1769912,6.910348189,,1766267.872,5927360.005,139.88
309359,5926863,1766284.4,5927372.324,3380,150,-319.3923304,4.156227905,,1766284.4,5927372.324,138.25
309374,5926877,1766299.97,5927385.683,3400,148,-328.6076696,9.444114258,,1766299.97,5927385.683,136.21
309394,5926884,1766320.243,5927391.84,3420,146,-324.8230088,8.096758633,,1766320.243,5927391.84,135.13
309413,5926886,1766339.308,5927393.044,3440,146,-305.0383481,3.361070441,,1766339.308,5927393.044,133.87
309431,5926891,1766357.5,5927397.286,3460,143,-335.2536873,21.11484748,,1766357.5,5927397.286,132.32
309454,5926896,1766380.686,5927401.32,3480,139,-318.4690265,2.116752056,,1766380.686,5927401.32,130.11
309472,5926902,1766398.919,5927406.562,3500,134,-328.6843658,2.758579199,,1766398.919,5927406.562,128.27
309491,5926900,1766417.817,5927403.77,3520,130,-353.899705,6.233729261,,1766417.817,5927403.77,125.85
309512,5926899,1766438.755,5927401.893,3540,126,-319.1150442,7.693147315,,1766438.755,5927401.893,122.86
309533,5926900,1766459.776,5927402.014,3560,129,-325.3303835,12.84364419,,1766459.776,5927402.014,119.95
309552,5926896,1766478.59,5927397.224,3580,123,-337.5457227,14.42558704,,1766478.59,5927397.224,117.6
309572,5926895,1766498.529,5927395.389,3600,114,-329.7610619,4.828387746,,1766498.529,5927395.389,114.73
309595,5926903,1766521.841,5927402.42,3620,123,-312.9764012,19.16497124,,1766521.841,5927402.42,112.3
309614,5926904,1766540.864,5927402.624,3640,119,-301.1917404,4.090601197,,1766540.864,5927402.624,110.1
309635,5926908,1766562.01,5927405.743,3660,119,-294.4070796,2.787502789,,1766562.01,5927405.743,108.89
309655,5926910,1766582.074,5927406.905,3680,118,-301.6224189,3.905818081,,1766582.074,5927406.905,107.52
309679,5926911,1766606.093,5927406.901,3700,116,-304.8377581,1.831542878,,1766606.093,5927406.901,104.85
309698,5926911,1766625.074,5927406.106,3720,110,-292.0530973,6.069986758,,1766625.074,5927406.106,103.16
309719,5926908,1766645.928,5927402.232,3740,107,-294.2684366,3.680158367,,1766645.928,5927402.232,100.65
309736,5926906,1766662.828,5927399.523,3760,108,-268.4837758,4.638814041,,1766662.828,5927399.523,98.21
309759,5926904,1766685.722,5927396.564,3780,105,-248.699115,2.917553294,,1766685.722,5927396.564,96.33
309776,5926901,1766702.58,5927392.856,3800,105,-291.9144543,0,Reprocessed the flux and it is 0,1766702.58,5927392.856,95.33
309796,5926900,1766722.519,5927391.021,3820,102,-268.1297935,0,,1766722.519,5927391.021,94.12
309815,5926900,1766741.5,5927390.227,3840,100,-262.3451327,0,,1766741.5,5927390.227,93.29
309836,5926898,1766762.396,5927387.351,3860,102,-284.560472,0,,1766762.396,5927387.351,92.19
309856,5926900,1766782.46,5927388.513,3880,101,-258.7758112,6.211363611,,1766782.46,5927388.513,90.82
309874,5926904,1766800.61,5927391.757,3900,95,-263.9911504,10.99368502,,1766800.61,5927391.757,89.43
309898,5926905,1766824.628,5927391.752,3920,96,-240.2064897,1.831058891,,1766824.628,5927391.752,87.78
309918,5926907,1766844.692,5927392.915,3940,94,-268.4218289,0,,1766844.692,5927392.915,86.83
309936,5926908,1766862.716,5927393.161,3960,94,-247.6371681,0,,1766862.716,5927393.161,85.13
309957,5926914,1766883.946,5927398.278,3980,92,-255.8525074,11.03588337,,1766883.946,5927398.278,83.57
309977,5926911,1766903.802,5927394.444,4000,92,-259.0678466,3.295978036,,1766903.802,5927394.444,81.97
309995,5926910,1766921.742,5927392.693,4020,87,-254.2831858,0,,1766921.742,5927392.693,80.73
310016,5926910,1766942.722,5927391.815,4040,85,-280.4985251,0,Reprocessed the flux and it is 0,1766942.722,5927391.815,78.96
310034,5926912,1766960.788,5927393.061,4060,82,-229.7138643,4.727003714,,1766960.788,5927393.061,77.2
310054,5926914,1766980.852,5927394.223,4080,81,-231.9292035,0,,1766980.852,5927394.223,75.2
310073,5926918,1767000.001,5927397.425,4100,81,-204.1445428,0,Reprocessed the flux and it is 0,1767000.001,5927397.425,73.93
310094,5926920,1767021.064,5927398.545,4120,84,-209.359882,0,,1767021.064,5927398.545,73.08
310113,5926922,1767040.129,5927399.749,4140,80,-228.5752212,0,,1767040.129,5927399.749,72.28
310133,5926925,1767060.235,5927401.91,4160,77,-229.7905605,8.624092959,,1767060.235,5927401.91,71.66
310155,5926928,1767082.339,5927403.988,4180,77,-265.0058997,0,,1767082.339,5927403.988,71.05
310173,5926932,1767100.488,5927407.231,4200,75,-266.2212389,0,,1767100.488,5927407.231,70.1
310193,5926936,1767120.636,5927410.391,4220,76,-251.4365782,0,,1767120.636,5927410.391,68.85
310211,5926940,1767138.786,5927413.635,4240,71,-256.6519174,0,,1767138.786,5927413.635,67.72
310232,5926942,1767159.849,5927414.755,4260,69,-252.8672566,0,,1767159.849,5927414.755,64.93
310251,5926946,1767178.998,5927417.957,4280,69,-233.0825959,0,,1767178.998,5927417.957,63.88
310270,5926949,1767198.104,5927420.16,4300,66,-245.2979351,15.36554205,,1767198.104,5927420.16,62.96
310291,5926958,1767219.46,5927428.274,4320,69,-184.5132743,0,,1767219.46,5927428.274,62.3
310306,5926967,1767234.822,5927436.638,4340,69,-171.7286136,0,,1767234.822,5927436.638,61.82
310326,5926976,1767255.179,5927444.793,4360,70,-171.9439528,0,,1767255.179,5927444.793,61.12
310344,5926985,1767273.537,5927453.032,4380,69,-164.159292,0,,1767273.537,5927453.032,60.58
310353,5927000,1767283.155,5927467.641,4400,71,-164.3746313,0,,1767283.155,5927467.641,59.9
310366,5927017,1767296.853,5927484.081,4420,62,-176.5899705,0,,1767296.853,5927484.081,59.09
310381,5927029,1767312.34,5927495.443,4440,62,-172.8053097,0,,1767312.34,5927495.443,58.88
310391,5927047,1767323.083,5927513.007,4460,67,-185.020649,0,,1767323.083,5927513.007,58.63
310403,5927064,1767335.782,5927529.489,4480,66,-197.2359882,0,,1767335.782,5927529.489,58.82
310416,5927077,1767349.313,5927541.933,4500,67,-191.4513274,0,,1767349.313,5927541.933,58.06
310428,5927094,1767362.012,5927558.415,4520,63,-178.6666667,0,Reprocessed the flux and it is 0,1767362.012,5927558.415,57.59
310445,5927108,1767379.58,5927571.691,4540,65,-184.8820059,0,,1767379.58,5927571.691,57.05
310460,5927118,1767394.984,5927581.054,4560,63,-182.0973451,0,,1767394.984,5927581.054,56.79
310477,5927131,1767412.511,5927593.331,4580,64,-196.3126844,0,,1767412.511,5927593.331,56.74
310494,5927143,1767429.996,5927604.609,4600,62,-196.5280236,0,,1767429.996,5927604.609,55.68
310511,5927156,1767447.522,5927616.886,4620,63,-175.7433628,0,,1767447.522,5927616.886,54.53
310525,5927166,1767461.927,5927626.291,4640,61,-163.9587021,0,,1767461.927,5927626.291,54.08
310542,5927177,1767479.37,5927636.57,4660,62,-158.1740413,0,,1767479.37,5927636.57,53.91
310555,5927191,1767492.943,5927650.013,4680,59,-152.3893805,0,,1767492.943,5927650.013,53.4
310573,5927201,1767511.343,5927659.251,4700,58,-145.6047198,0,,1767511.343,5927659.251,51.98
310591,5927213,1767529.827,5927670.487,4720,55,-138.820059,0,,1767529.827,5927670.487,50.57
310608,5927223,1767547.229,5927679.766,4740,60,-118.0353982,0,,1767547.229,5927679.766,48.84
310624,5927236,1767563.757,5927692.085,4760,59,-103.2507375,0,,1767563.757,5927692.085,47.79
310642,5927237,1767581.781,5927692.332,4780,54,-108.4660767,0,Reprocessed the flux and it is 0,1767581.781,5927692.332,46.5
310666,5927236,1767605.716,5927690.329,4800,51,-108.6814159,0,,1767605.716,5927690.329,44.92
310684,5927235,1767623.657,5927688.578,4820,56,-111.8967552,0,,1767623.657,5927688.578,44.9
310701,5927238,1767640.765,5927690.865,4840,57,-106.1120944,3.153788396,,1767640.765,5927690.865,44.43
310725,5927231,1767664.45,5927682.868,4860,51,-106.3274336,5.091456872,,1767664.45,5927682.868,42.84
310745,5927234,1767684.556,5927685.029,4880,44,-131.5427729,0,Reprocessed the flux and it is 0,1767684.556,5927685.029,42.74
310762,5927237,1767701.665,5927687.316,4900,46,-142.7581121,0,,1767701.665,5927687.316,42.41
310784,5927243,1767723.894,5927692.391,4920,46,-139.9734513,0,Reprocessed the flux and it is 0,1767723.894,5927692.391,42.08
310803,5927247,1767743.043,5927695.593,4940,45,-138.1887906,0,,1767743.043,5927695.593,41.65
310822,5927254,1767762.317,5927701.792,4960,42,-131.4041298,0,,1767762.317,5927701.792,41.23
310840,5927266,1767780.801,5927713.028,4980,47,-132.619469,0,,1767780.801,5927713.028,41.15
310857,5927271,1767797.994,5927717.312,5000,44,-124.8348083,0,,1767797.994,5927717.312,40.65
310878,5927280,1767819.35,5927725.426,5020,52,-120.0501475,0,,1767819.35,5927725.426,40.4
310898,5927286,1767839.581,5927730.584,5040,47,-122.2654867,0,,1767839.581,5927730.584,40.06
310916,5927293,1767857.856,5927736.825,5060,47,-154.480826,0,,1767857.856,5927736.825,39.38
310934,5927298,1767876.048,5927741.068,5080,44,-120.6961652,0,,1767876.048,5927741.068,38.64
310953,5927303,1767895.238,5927745.269,5100,36,-116.9115044,0,,1767895.238,5927745.269,37.83
310975,5927308,1767917.426,5927749.345,5120,46,-115.1268437,0,,1767917.426,5927749.345,37.09
310994,5927316,1767936.742,5927756.543,5140,46,-105.3421829,0,,1767936.742,5927756.543,36.63
311012,5927325,1767955.101,5927764.782,5160,46,-101.5575221,0,,1767955.101,5927764.782,36.21
311031,5927330,1767974.291,5927768.983,5180,46,-103.7728614,0,,1767974.291,5927768.983,36.4
311051,5927335,1767994.481,5927773.142,5200,44,-96.98820059,0,Reprocessed the flux and it is 0,1767994.481,5927773.142,34.27
311071,5927342,1768014.754,5927779.299,5220,43,-95.20353982,0,,1768014.754,5927779.299,34
311090,5927345,1768033.861,5927781.502,5240,41,-88.41887906,0,Reprocessed the flux and it is 0,1768033.861,5927781.502,33.61
311107,5927354,1768051.221,5927789.783,5260,41,-92.63421829,0,,1768051.221,5927789.783,33.35
311128,5927358,1768072.368,5927792.901,5280,38,-95.84955752,0,,1768072.368,5927792.901,32.9
311151,5927364,1768095.597,5927797.934,5300,41,-112.0648968,0,,1768095.597,5927797.934,32.05
311172,5927368,1768116.744,5927801.053,5320,44,-98.28023599,0,,1768116.744,5927801.053,31.33
311193,5927366,1768137.64,5927798.177,5340,45,-99.49557522,0,,1768137.64,5927798.177,30.68
311213,5927368,1768157.704,5927799.339,5360,43,-113.7109145,0,,1768157.704,5927799.339,30.61
311231,5927359,1768175.31,5927789.595,5380,39,-95.92625369,0,,1768175.31,5927789.595,29.43
311254,5927355,1768198.121,5927784.638,5400,37,-98.14159292,0,,1768198.121,5927784.638,28.38
311273,5927355,1768217.103,5927783.844,5420,37,-106.3569322,2.191901689,,1768217.103,5927783.844,27.61
311293,5927356,1768237.125,5927784.007,5440,37,-97.57227139,0,,1768237.125,5927784.007,26.49
311310,5927354,1768254.025,5927781.298,5460,32,-99.78761062,0,,1768254.025,5927781.298,25.19
311332,5927355,1768276.046,5927781.378,5480,31,-91.00294985,0,,1768276.046,5927781.378,23.97
311352,5927362,1768296.319,5927787.535,5500,33,-99.21828909,0,,1768296.319,5927787.535,23.44
311374,5927367,1768318.507,5927791.611,5520,28,-71.43362832,0,,1768318.507,5927791.611,21.89
311392,5927360,1768336.197,5927783.865,5540,30,-80.64896755,0,,1768336.197,5927783.865,20.42
311410,5927358,1768354.096,5927781.115,5560,23,-69.86430678,0,,1768354.096,5927781.115,19.58
311432,5927362,1768376.242,5927784.192,5580,25,-53.07964602,0,,1768376.242,5927784.192,18.78
311451,5927364,1768395.307,5927785.395,5600,28,-59.29498525,0,,1768395.307,5927785.395,18.57
311472,5927368,1768416.454,5927788.514,5620,26,-62.51032448,0,,1768416.454,5927788.514,18.45
311492,5927369,1768436.477,5927788.677,5640,27,-98.72566372,0,,1768436.477,5927788.677,18.6
311510,5927372,1768454.585,5927790.922,5660,27,-77.94100295,0,,1768454.585,5927790.922,18.78
311531,5927373,1768475.607,5927791.043,5680,28,-80.15634218,0,,1768475.607,5927791.043,18.47
311551,5927368,1768495.378,5927785.212,5700,26,-79.37168142,0,,1768495.378,5927785.212,18.69
311569,5927369,1768513.403,5927785.459,5720,24,-76.58702065,0,,1768513.403,5927785.459,18.16
311590,5927364,1768534.174,5927779.586,5740,24,-74.80235988,0,,1768534.174,5927779.586,17.49
311608,5927358,1768551.906,5927772.839,5760,24,-72.01769912,0,,1768551.906,5927772.839,17
311627,5927351,1768570.595,5927765.052,5780,22,-58.23303835,0,,1768570.595,5927765.052,15.79
311647,5927345,1768590.325,5927758.222,5800,24,-43.44837758,0,,1768590.325,5927758.222,14.79
311663,5927340,1768606.1,5927752.558,5820,22,-17.66371681,0,,1768606.1,5927752.558,14.35
311681,5927332,1768623.749,5927743.813,5840,18,-27.87905605,0,,1768623.749,5927743.813,13.83
311700,5927324,1768642.396,5927735.027,5860,20,-36.09439528,0,,1768642.396,5927735.027,13.24
311723,5927321,1768665.249,5927731.068,5880,16,-24.30973451,0,,1768665.249,5927731.068,12.11
311744,5927327,1768686.479,5927736.185,5900,19,-22.52507375,0,,1768686.479,5927736.185,11.49
311761,5927336,1768703.839,5927744.465,5920,18,-24.74041298,0,,1768703.839,5927744.465,11.38
311776,5927348,1768719.326,5927755.827,5940,17,-17.95575221,0,,1768719.326,5927755.827,10.37
311796,5927356,1768739.642,5927762.983,5960,16,-22.17109145,0,,1768739.642,5927762.983,10.21
311810,5927370,1768754.213,5927776.385,5980,16,-7.386430678,0,,1768754.213,5927776.385,8.16
311826,5927381,1768770.658,5927786.706,6000,14,-11.60176991,0,,1768770.658,5927786.706,7.27
311842,5927399,1768787.395,5927804.02,6020,16,-2.817109145,0,,1768787.395,5927804.02,7.61
311852,5927413,1768797.97,5927817.588,6040,17,-20.03244838,0,,1768797.97,5927817.588,9.54
311863,5927431,1768809.712,5927835.111,6060,13,-10.24778761,0,,1768809.712,5927835.111,10.43
311872,5927446,1768819.33,5927849.721,6080,16,-19.46312684,0,,1768819.33,5927849.721,11.41
311883,5927461,1768830.947,5927864.246,6100,20,-28.67846608,0,,1768830.947,5927864.246,11.91
311896,5927480,1768844.728,5927882.685,6120,19,-23.89380531,0,,1768844.728,5927882.685,13.24
311906,5927494,1768855.304,5927896.254,6140,18,-18.10914454,0,,1768855.304,5927896.254,12.21
311915,5927511,1768865.006,5927912.861,6160,17,-10.32448378,0,,1768865.006,5927912.861,11.3
311923,5927530,1768873.792,5927931.508,6180,17,-18.53982301,0,,1768873.792,5927931.508,11.02
311928,5927553,1768879.749,5927954.277,6200,16,-13.75516224,0,,1768879.749,5927954.277,10.22
311942,5927565,1768894.237,5927965.681,6220,19,-8.970501475,0,,1768894.237,5927965.681,9.36
311961,5927573,1768913.553,5927972.879,6240,15,-27.18584071,0,,1768913.553,5927972.879,8.21
311979,5927583,1768931.954,5927982.117,6260,12,-10.40117994,0,,1768931.954,5927982.117,6.93
311995,5927596,1768948.482,5927994.436,6280,13,-10.61651917,0,,1768948.482,5927994.436,6.28
312005,5927605,1768958.848,5928003.009,6300,9,-10.83185841,0,,1768958.848,5928003.009,6.1
312018,5927624,1768972.63,5928021.448,6320,12,-14.04719764,0,,1768972.63,5928021.448,6.17
312031,5927646,1768986.537,5928042.884,6340,14,-18.26253687,0,,1768986.537,5928042.884,5.55
312036,5927663,1768992.243,5928059.658,6360,13,-20.47787611,0,,1768992.243,5928059.658,6.76
312042,5927681,1768998.989,5928077.39,6380,12,-12.69321534,0,,1768998.989,5928077.39,6.89
312049,5927702,1769006.86,5928098.078,6400,10,-11.90855457,0,,1769006.86,5928098.078,5.92
312060,5927718,1769018.518,5928113.603,6420,11,-6.123893805,0,,1769018.518,5928113.603,6.55
312067,5927740,1769026.431,5928135.289,6440,13,-11.33923304,0,,1769026.431,5928135.289,7.86
312081,5927749,1769040.794,5928143.695,6460,16,-12.55457227,0,,1769040.794,5928143.695,7.96
312105,5927760,1769065.231,5928153.682,6480,19,-6.769911504,0,,1769065.231,5928153.682,8.83
312117,5927771,1769077.679,5928164.17,6500,19,7.014749263,0,,1769077.679,5928164.17,9.13
312133,5927783,1769094.165,5928175.49,6520,18,-20.20058997,0,,1769094.165,5928175.49,10.09
312149,5927795,1769110.651,5928186.809,6540,17,3.584070796,0,,1769110.651,5928186.809,10.29
312170,5927808,1769132.174,5928198.919,6560,21,-13.63126844,0,,1769132.174,5928198.919,9.6
312180,5927822,1769142.75,5928212.488,6580,15,0.15339233,0,,1769142.75,5928212.488,8.56
312192,5927836,1769155.324,5928225.973,6600,16,1.938053097,0,,1769155.324,5928225.973,8.06
312206,5927853,1769170.021,5928242.372,6620,22,1.722713864,0,,1769170.021,5928242.372,7.51
312219,5927868,1769183.635,5928256.814,6640,20,10.50737463,0,,1769183.635,5928256.814,7.46
312232,5927885,1769197.333,5928273.255,6660,22,-1.707964602,0,,1769197.333,5928273.255,7.78
312243,5927900,1769208.95,5928287.781,6680,20,-3.923303835,0,,1769208.95,5928287.781,7.16
312260,5927919,1769226.727,5928306.052,6700,18,1.861356932,0,,1769226.727,5928306.052,5.73
312277,5927924,1769243.92,5928310.337,6720,14,3.646017699,0,,1769243.92,5928310.337,4.84
312292,5927937,1769259.449,5928322.697,6740,14,4.430678466,0,,1769259.449,5928322.697,3.48
312301,5927952,1769269.067,5928337.307,6760,9,5.215339233,0,,1769269.067,5928337.307,2.89
312310,5927969,1769278.769,5928353.915,6780,8,0,0,Sea,1769278.769,5928353.915,1.15
312324,5927988,1769293.55,5928372.311,6800,10,-13,0,,1769293.55,5928372.311,2.12
312339,5928003,1769309.162,5928386.67,6820,9,-1,0,,1769309.162,5928386.67,3.1
312350,5928017,1769320.737,5928400.197,6840,5,8,0,,1769320.737,5928400.197,3.28
312361,5928033,1769332.395,5928415.722,6860,6,18,0,,1769332.395,5928415.722,3.74
312372,5928052,1769344.179,5928434.244,6880,10,30,0,,1769344.179,5928434.244,5.24
312385,5928069,1769357.877,5928450.685,6900,15,40,0,,1769357.877,5928450.685,6.86
312397,5928083,1769370.45,5928464.17,6920,12,41,0,,1769370.45,5928464.17,7.72
312412,5928099,1769386.105,5928479.528,6940,12,44,0,,1769386.105,5928479.528,7.64
312409,5928118,1769383.902,5928498.635,6960,13,45,0,,1769383.902,5928498.635,7.76
312403,5928140,1769378.827,5928520.865,6980,16,46,0,,1769378.827,5928520.865,9.61
312397,5928153,1769373.376,5928534.103,7000,17,46,0,,1769373.376,5928534.103,10.97
312392,5928174,1769369.258,5928555.292,7020,22,48,0,,1769369.258,5928555.292,13.66
312375,5928185,1769352.734,5928566.992,7040,24,48,0,,1769352.734,5928566.992,16.41
312359,5928197,1769337.251,5928579.649,7060,25,51,0,,1769337.251,5928579.649,18.6
312349,5928213,1769327.929,5928596.052,7080,31,52,0,,1769327.929,5928596.052,20.13
312350,5928232,1769329.722,5928614.992,7100,33,52,0,,1769329.722,5928614.992,22.49
312363,5928252,1769343.545,5928634.43,7120,35,60,0,,1769343.545,5928634.43,23.9
312385,5928249,1769365.399,5928630.513,7140,35,57,0,,1769365.399,5928630.513,25.33
312403,5928237,1769382.88,5928617.772,7160,37,62,0,,1769382.88,5928617.772,27.45
312423,5928230,1769402.569,5928609.943,7180,38,60,0,,1769402.569,5928609.943,29.62
312440,5928221,1769419.176,5928600.241,7200,44,60,0,,1769419.176,5928600.241,31.26
312459,5928214,1769437.866,5928592.454,7220,49,61,0,,1769437.866,5928592.454,33.43
312476,5928217,1769454.975,5928594.741,7240,46,62,0,,1769454.975,5928594.741,35.04
312496,5928222,1769475.165,5928598.9,7260,44,58,0,,1769475.165,5928598.9,37.06
312519,5928224,1769498.226,5928599.937,7280,50,61,0,,1769498.226,5928599.937,39.06
312536,5928228,1769515.377,5928603.223,7300,48,64,0,,1769515.377,5928603.223,40.53
312557,5928232,1769536.525,5928606.342,7320,51,64,0,,1769536.525,5928606.342,42.54
312576,5928236,1769555.674,5928609.544,7340,52,58,0,,1769555.674,5928609.544,44.28
312596,5928244,1769575.989,5928616.7,7360,56,62,0,,1769575.989,5928616.7,45.82
312614,5928252,1769594.306,5928623.941,7380,57,64,0,,1769594.306,5928623.941,46.99
312630,5928263,1769610.751,5928634.262,7400,57,60,0,,1769610.751,5928634.262,47.94
312648,5928273,1769629.151,5928643.5,7420,57,78,0,,1769629.151,5928643.5,49.29
312666,5928283,1769647.552,5928652.738,7440,60,70,0,,1769647.552,5928652.738,50.32
312682,5928295,1769664.038,5928664.058,7460,61,69,0,,1769664.038,5928664.058,52.22
312697,5928306,1769679.484,5928674.421,7480,62,67,0,,1769679.484,5928674.421,52.56
312712,5928320,1769695.055,5928687.781,7500,66,60,0,,1769695.055,5928687.781,53.15
312726,5928333,1769709.584,5928700.183,7520,64,73,0,,1769709.584,5928700.183,54.1
312740,5928348,1769724.198,5928714.584,7540,66,77,0,,1769724.198,5928714.584,55.19
312753,5928362,1769737.771,5928728.027,7560,65,72,0,,1769737.771,5928728.027,56.4
312773,5928366,1769757.919,5928731.188,7580,66,67,0,,1769757.919,5928731.188,57.46
312794,5928365,1769778.857,5928729.311,7600,68,67,0,,1769778.857,5928729.311,58.17
312813,5928362,1769797.714,5928725.52,7620,66,66,0,,1769797.714,5928725.52,59.28
312833,5928367,1769817.904,5928729.68,7640,68,65,0,,1769817.904,5928729.68,60.33
312851,5928378,1769836.346,5928739.917,7660,69,68,0,,1769836.346,5928739.917,61.5
312868,5928387,1769853.706,5928748.198,7680,69,67,0,,1769853.706,5928748.198,62.06
312890,5928393,1769875.936,5928753.273,7700,72,67,0,,1769875.936,5928753.273,63.52
312909,5928399,1769895.169,5928758.473,7720,71,75,0,,1769895.169,5928758.473,64.66
312929,5928405,1769915.4,5928763.632,7740,70,81,0,,1769915.4,5928763.632,65.9
312948,5928409,1769934.549,5928766.834,7760,73,73,0,,1769934.549,5928766.834,66.96
312968,5928408,1769954.489,5928764.999,7780,72,66,0,,1769954.489,5928764.999,68.17
312986,5928401,1769972.179,5928757.254,7800,74,80,0,,1769972.179,5928757.254,68.81
313005,5928391,1769990.743,5928746.469,7820,77,76,0,,1769990.743,5928746.469,69.73
313021,5928383,1770006.394,5928737.808,7840,77,75,0,,1770006.394,5928737.808,70.43
313037,5928373,1770021.961,5928727.149,7860,79,78,0,,1770021.961,5928727.149,70.99
313055,5928356,1770039.233,5928709.413,7880,78,80,0,,1770039.233,5928709.413,72.47
313066,5928346,1770049.805,5928698.963,7900,78,77,0,,1770049.805,5928698.963,73.14
313082,5928330,1770065.121,5928682.309,7920,82,83,0,,1770065.121,5928682.309,74.27
313097,5928318,1770079.605,5928669.694,7940,81,84,0,,1770079.605,5928669.694,75.14
313115,5928308,1770097.171,5928658.951,7960,82,82,0,,1770097.171,5928658.951,76.04
313133,5928304,1770114.986,5928654.203,7980,82,82,0,,1770114.986,5928654.203,76.78
313153,5928299,1770134.758,5928648.372,8000,84,80,0,,1770134.758,5928648.372,77.82
313173,5928295,1770154.572,5928643.54,8020,88,83,0,,1770154.572,5928643.54,78.97
313193,5928293,1770174.47,5928640.706,8040,87,85,0,,1770174.47,5928640.706,79.56
313212,5928292,1770193.41,5928638.913,8060,87,87,0,,1770193.41,5928638.913,80.67
313231,5928291,1770212.35,5928637.12,8080,88,75,0,,1770212.35,5928637.12,81.73
313251,5928290,1770232.29,5928635.285,8100,91,78,0,,1770232.29,5928635.285,82.81
313272,5928286,1770253.103,5928630.411,8120,93,83,0,,1770253.103,5928630.411,86.43
313291,5928283,1770271.959,5928626.62,8140,96,90,0,,1770271.959,5928626.62,89.4
313311,5928278,1770291.731,5928620.789,8160,99,78,0,,1770291.731,5928620.789,91.13
313329,5928276,1770309.631,5928618.039,8180,102,83,0,,1770309.631,5928618.039,94.06
313350,5928270,1770330.36,5928611.167,8200,105,76,0,,1770330.36,5928611.167,98.11
313368,5928268,1770348.26,5928608.416,8220,109,80,0,,1770348.26,5928608.416,100.17
313389,5928263,1770369.031,5928602.544,8240,113,79,0,,1770369.031,5928602.544,103.82
313408,5928260,1770387.887,5928598.752,8260,115,79,0,,1770387.887,5928598.752,105.78
313427,5928257,1770406.744,5928594.961,8280,116,78,0,,1770406.744,5928594.961,108.34
313445,5928251,1770424.476,5928588.215,8300,115,75,0,,1770424.476,5928588.215,108.7
313468,5928249,1770447.371,5928585.255,8320,116,73,24.76128705,grass,1770447.371,5928585.255,107.56
313488,5928245,1770467.185,5928580.423,8340,115,75,12.26126325,grass,1770467.185,5928580.423,106.53
313508,5928242,1770487.041,5928576.59,8360,113,78,17.02719042,grass,1770487.041,5928576.59,104.85
313527,5928239,1770505.897,5928572.799,8380,110,80,20.10550395,grass,1770505.897,5928572.799,103.07
313547,5928235,1770525.711,5928567.967,8400,107,78,13.00379114,grass,1770525.711,5928567.967,101.06
313566,5928231,1770544.526,5928563.177,8420,106,79,17.64335083,grass,1770544.526,5928563.177,98.69
313586,5928231,1770564.507,5928562.341,8440,104,76,18.36133249,grass,1770564.507,5928562.341,96.07
313605,5928236,1770583.698,5928566.542,8460,102,73,18.48746903,grass,1770583.698,5928566.542,94
313625,5928241,1770603.889,5928570.702,8480,98,72,18.24344976,grass,1770603.889,5928570.702,91.05
313644,5928244,1770622.996,5928572.905,8500,95,73,7.431808175,grass,1770622.996,5928572.905,86.98
313665,5928247,1770644.102,5928575.025,8520,91,73,12.51506873,grass,1770644.102,5928575.025,83.76
313683,5928250,1770662.21,5928577.27,8540,90,74,11.44463357,grass,1770662.21,5928577.27,81.05
313704,5928256,1770683.441,5928582.386,8560,84,75,2.82923177,grass,1770683.441,5928582.386,77.11
313723,5928259,1770702.548,5928584.59,8580,82,76,10.78977277,grass,1770702.548,5928584.59,73.2
313737,5928273,1770717.12,5928597.991,8600,81,73,0,grass,1770717.12,5928597.991,70.32
313754,5928286,1770734.648,5928610.269,8620,71,78,2.641037022,grass,1770734.648,5928610.269,68.68
313772,5928295,1770753.007,5928618.508,8640,72,76,9.08089987,grass,1770753.007,5928618.508,67.88
313791,5928294,1770771.947,5928616.715,8660,72,78,8.521272982,grass,1770771.947,5928616.715,68.1
313811,5928300,1770792.179,5928621.874,8680,75,67,34.48381014,grass,1770792.179,5928621.874,69.16
313822,5928317,1770803.879,5928638.398,8700,74,71,7.813999979,,1770803.879,5928638.398,68.46
313836,5928335,1770818.618,5928655.796,8720,71,84,1.418473223,,1770818.618,5928655.796,67.78
313848,5928346,1770831.066,5928666.284,8740,76,83,3.145991882,,1770831.066,5928666.284,67.23
313861,5928360,1770844.639,5928679.728,8760,75,84,2.218076072,,1770844.639,5928679.728,66.62
313875,5928376,1770859.295,5928695.128,8780,76,73,2.388498738,,1770859.295,5928695.128,65.78
313890,5928391,1770874.907,5928709.487,8800,76,98,0,Reprocessed the flux and it is 0,1770874.907,5928709.487,65.51
313902,5928407,1770887.565,5928724.97,8820,76,94,0,,1770887.565,5928724.97,65.06
313916,5928425,1770902.304,5928742.368,8840,73,95,0,,1770902.304,5928742.368,64.63
313926,5928438,1770912.838,5928754.938,8860,77,78,0,,1770912.838,5928754.938,64.42
313940,5928454,1770927.493,5928770.338,8880,77,79,0,,1770927.493,5928770.338,64.31
313956,5928466,1770943.979,5928781.658,8900,76,84,3.866017946,,1770943.979,5928781.658,63.83
313976,5928474,1770964.295,5928788.815,8920,73,80,0,,1770964.295,5928788.815,63.71
313998,5928478,1770986.441,5928791.892,8940,70,74,2.981949365,,1770986.441,5928791.892,63.52
314015,5928476,1771003.342,5928789.183,8960,71,91,3.16653055,,1771003.342,5928789.183,63.28
314036,5928476,1771024.322,5928788.306,8980,71,78,4.113058946,,1771024.322,5928788.306,63.02
314058,5928474,1771046.218,5928785.388,9000,70,76,0,,1771046.218,5928785.388,62.83
314078,5928479,1771066.408,5928789.548,9020,72,75,0,,1771066.408,5928789.548,63.17
314090,5928488,1771078.773,5928798.038,9040,69,85,0,,1771078.773,5928798.038,62.78
314111,5928491,1771099.879,5928800.157,9060,74,92,0,,1771099.879,5928800.157,63.84
314131,5928486,1771119.651,5928794.326,9080,72,89,0,,1771119.651,5928794.326,63.43
314150,5928480,1771138.382,5928787.538,9100,73,78,0,,1771138.382,5928787.538,62.47
314169,5928484,1771157.532,5928790.74,9120,72,81,0,,1771157.532,5928790.74,62.28
314189,5928490,1771177.764,5928795.899,9140,72,79,2.909084321,,1771177.764,5928795.899,61.87
314208,5928497,1771197.038,5928802.098,9160,72,83,0,,1771197.038,5928802.098,61.71
314227,5928502,1771216.229,5928806.3,9180,67,84,0,,1771216.229,5928806.3,60.87
314247,5928509,1771236.503,5928812.457,9200,68,80,0,,1771236.503,5928812.457,60.13
314260,5928516,1771249.783,5928818.908,9220,68,85,4.570996774,,1771249.783,5928818.908,59.61
314283,5928523,1771273.054,5928824.94,9240,69,80,1.464420696,,1771273.054,5928824.94,58.71
